user,password,localidad,edad,musica,comida,peliculas,videojuegos,politica,deportes,mascotas,libros,tecnologia,memes
Meredith Stransky,password123,Cuzco,35,1,0,0,0,1,0,0,0,1,1
Brittney Mazzella,password123,Ucayali,23,0,0,1,1,0,1,1,1,1,1
Yi Cook,password123,Tumbes,20,0,1,1,0,1,0,0,0,1,1
Porter Devries,password123,Ayacucho,27,0,1,1,0,1,0,0,0,1,1
Suzanne Syverson,password123,Piura,23,1,0,0,0,0,1,0,0,0,0
Ladawn Creason,password123,Ayacucho,20,0,0,1,0,0,0,1,0,1,0
Mikel Lamberson,password123,Arequipa,31,1,1,0,0,1,1,0,0,0,0
Lakendra Lasiter,password123,Amazonas,26,0,0,0,1,0,1,1,1,0,0
Kate Shiver,password123,Piura,28,0,1,1,1,0,1,1,1,0,0
Sharika Aiken,password123,Apurímac,29,1,1,1,1,0,1,0,1,1,1
Katina Gillespi,password123,La Libertad,37,0,0,1,1,1,0,1,0,1,1
Carmela Smyers,password123,Tacna,38,0,1,0,0,1,0,0,1,1,0
Caron Delapena,password123,Moquegua,37,0,0,1,0,0,1,1,0,0,0
Missy Harlin,password123,Cuzco,36,1,0,0,1,0,0,1,0,0,0
Danuta Caylor,password123,Loreto,40,0,1,1,1,1,0,0,0,0,1
Tu Viloria,password123,Piura,32,0,1,0,0,0,1,1,0,1,1
Season Follmer,password123,Amazonas,31,1,1,1,0,0,0,1,1,1,0
Dusty Passarelli,password123,Apurímac,34,1,1,0,0,1,1,1,0,1,0
Hobert Sagers,password123,Tacna,25,1,0,0,1,1,1,0,1,0,1
Huong Polhemus,password123,Cajamarca,32,1,1,0,0,0,0,0,1,0,1
Terrance Langone,password123,Huánuco,34,1,0,1,0,0,0,1,1,0,0
Floyd Robinett,password123,Lima,35,0,1,1,1,0,1,1,1,0,0
Oren Mccaffrey,password123,Puno,27,1,0,0,1,0,1,0,1,1,0
Wilhelmina Monsour,password123,Loreto,19,1,0,0,0,0,0,1,0,1,0
Issac Montas,password123,Ica,31,1,1,0,1,1,0,0,1,0,0
Celeste Hollenbach,password123,Ayacucho,32,0,1,0,0,0,0,0,0,1,1
Mee Galli,password123,La Libertad,32,1,1,0,0,1,0,1,1,1,1
Daphine Lynn,password123,Callao,38,0,0,0,1,0,1,0,0,0,1
Bobbie Straka,password123,La Libertad,33,1,0,0,0,0,0,1,1,0,1
Pearle Dimeo,password123,Puno,37,1,0,1,1,1,1,1,0,0,1
Trisha Allis,password123,Loreto,25,1,1,0,0,0,1,0,0,0,1
Alton Towell,password123,Cuzco,26,1,1,1,0,0,0,0,0,0,0
Del Garlington,password123,Ayacucho,26,0,1,0,0,0,0,1,1,1,0
Adela Babst,password123,Madre de Dios,39,1,0,1,0,1,1,1,1,0,0
Reginia Rockwell,password123,Amazonas,30,1,0,1,1,1,1,1,0,1,0
Venice Liller,password123,Junín,29,1,1,0,0,1,0,0,1,0,1
Elsie Mealing,password123,Apurímac,23,1,0,1,0,1,1,0,1,1,1
Alisia Allison,password123,Pasco,18,0,1,1,1,0,1,1,1,1,1
Charity Schrecengost,password123,Tacna,37,1,0,1,0,0,1,0,1,0,0
Minh Adelson,password123,Apurímac,38,1,0,1,0,1,0,0,1,1,0
Crystal Batson,password123,Junín,32,1,1,1,1,0,1,0,0,0,0
Trinh Gines,password123,Ayacucho,24,0,1,0,0,1,1,1,0,1,0
Janita Thelen,password123,Cajamarca,24,1,0,0,0,1,1,0,0,1,0
Tasia Jeter,password123,Tumbes,37,1,1,0,0,1,0,1,0,0,0
Beth Walraven,password123,Piura,22,0,1,1,1,0,1,1,0,0,1
Fe Raymond,password123,Madre de Dios,21,0,0,1,1,1,0,0,0,0,1
Alesia Fain,password123,Tacna,22,0,1,1,1,1,1,0,0,0,0
Shavonne Bunch,password123,Huánuco,34,1,1,0,0,1,0,0,0,1,1
Bruce Wix,password123,Ucayali,19,0,0,0,1,0,1,0,0,1,1
Saif Ali,password123,Piura,20,1,0,1,0,0,1,0,0,1,1
Ghulam Rasool,password123,Piura,32,1,0,0,1,0,1,1,1,0,1
Amir,password123,Cajamarca,18,1,0,1,1,1,0,1,0,0,1
Lucie,password123,Piura,22,1,0,1,0,0,1,1,1,0,0
Katherine,password123,Tumbes,24,1,1,1,1,1,1,1,0,1,0
Aneeqa Tanveer,password123,Madre de Dios,26,0,1,0,0,0,0,0,1,1,1
Ezad Khan,password123,Loreto,23,1,0,0,0,1,0,0,1,1,1
Syed Tafseer Abbass,password123,Áncash,33,1,0,0,0,0,0,0,0,1,1
Layton,password123,Cajamarca,25,0,1,0,1,0,1,1,0,1,0
Robyn,password123,Piura,25,1,1,0,0,1,1,1,1,1,0
Fahad,password123,Puno,23,0,1,1,0,1,0,0,0,0,1
Mohamed Saifuddin,password123,Huánuco,36,1,0,0,0,0,1,0,0,0,1
Neur,password123,Huancavelica,29,0,0,1,1,1,0,1,0,1,0
Heri Sigu Samboja,password123,Madre de Dios,19,1,1,1,0,1,1,0,1,0,1
Jamie,password123,Cajamarca,37,0,1,1,0,0,0,0,0,1,0
Alexa,password123,Lima,26,0,0,0,0,0,1,0,0,1,1
Alistar,password123,Amazonas,18,1,0,0,0,0,0,0,1,1,1
Abubakar Shaikh,password123,Lima,32,1,1,0,1,0,1,0,1,0,0
Aslam Kakkar,password123,Puno,18,0,0,0,1,0,0,1,0,1,0
Asif Khan Baloch,password123,Huancavelica,19,1,1,1,0,0,0,0,0,0,1
Xavier,password123,Cuzco,30,0,1,1,1,1,1,1,0,1,1
Muhammad Rehan,password123,Ucayali,33,0,1,0,0,0,0,0,0,1,0
Ubeid,password123,La Libertad,36,1,1,1,1,1,1,0,1,1,0
Neveh,password123,Tacna,31,1,0,1,0,0,0,1,0,0,0
Dennis,password123,Ayacucho,29,0,0,1,1,1,1,1,0,0,0
Kimberley,password123,Madre de Dios,27,1,0,0,1,1,1,1,0,0,0
Iqbal,password123,Pasco,27,1,1,1,1,0,1,1,1,0,1
Suramto,password123,Junín,27,1,1,1,1,1,0,0,0,1,0
Callum,password123,Tacna,32,0,0,0,1,0,1,0,0,0,0
Shoaib,password123,Ica,30,0,1,0,0,0,1,1,0,1,0
Jinsar Ali Shar,password123,Piura,19,0,0,0,0,1,1,1,0,0,1
Meri Zindage Ho Tum,password123,Ayacucho,24,1,1,1,0,1,1,1,0,0,1
Donald,password123,Moquegua,24,0,0,1,1,1,1,0,0,1,1
Saba Jutt,password123,Cuzco,31,1,1,1,0,1,1,1,1,1,0
Umar,password123,Puno,40,0,1,0,1,1,0,0,1,1,0
Mohammed,password123,Pasco,18,0,0,1,1,0,0,0,1,0,0
Paulina,password123,Lima,38,1,0,0,0,0,0,0,0,0,1
Affaan,password123,Huancavelica,38,1,1,0,1,0,0,0,0,0,1
Syed Kashif,password123,Moquegua,37,1,1,0,1,1,0,1,1,1,1
Khurrum Shehzad,password123,Tumbes,21,0,1,0,0,0,0,0,0,1,0
Bekham,password123,Cajamarca,28,1,1,0,1,1,1,1,0,0,0
Hania,password123,Apurímac,23,1,1,1,1,0,1,1,0,1,1
Farah Samad,password123,Callao,25,0,1,0,0,1,1,1,0,1,1
Shahzaib Jutt,password123,Huancavelica,26,1,0,0,0,0,0,1,0,0,1
Ali Ghufron,password123,Junín,34,1,1,0,0,1,1,1,0,0,1
Lauren,password123,Lima,22,1,1,0,0,0,1,1,1,0,0
Miley,password123,Puno,30,0,1,1,1,0,1,1,0,0,0
Zak,password123,Huánuco,25,0,0,0,0,0,0,1,1,1,0
Evie,password123,Callao,30,1,0,0,0,1,1,1,0,0,1
Destor,password123,San Martín,21,0,0,0,0,1,1,1,1,1,1
Liberty,password123,Arequipa,36,1,1,0,0,1,1,0,0,1,1
Monica,password123,Apurímac,27,0,1,0,0,0,1,0,1,1,1
Denno,password123,Madre de Dios,34,1,1,1,1,1,0,0,1,1,1
Robbie,password123,Ucayali,32,0,0,0,1,1,0,0,0,0,0
Aima,password123,Junín,20,1,0,0,0,0,1,1,1,0,1
Marwan,password123,Moquegua,38,1,1,0,0,1,0,1,1,1,1
Faisal Khan,password123,Loreto,24,0,0,1,1,0,1,1,1,1,1
Tyker,password123,Huancavelica,25,0,1,0,0,1,1,1,1,1,1
Hollie,password123,Ucayali,30,1,1,1,0,1,0,0,1,1,0
Eloise,password123,La Libertad,36,0,0,1,0,0,0,1,0,0,1
Gomez,password123,Pasco,40,1,1,1,0,1,1,0,1,1,0
Brianna,password123,Junín,21,1,0,1,1,0,1,0,1,0,1
Larissa,password123,Huánuco,33,0,0,1,1,0,0,1,1,1,1
Umair Khan,password123,La Libertad,21,0,0,1,1,1,0,1,0,0,1
Mhammad Nouman,password123,Tumbes,29,0,0,1,1,1,1,1,1,0,0
Archie,password123,La Libertad,26,0,1,1,1,1,0,1,1,0,1
Zachariah,password123,La Libertad,31,0,1,0,1,1,0,1,0,1,0
Matilda,password123,Huancavelica,34,1,0,1,1,0,0,0,0,1,1
Armaan Jutt,password123,Ica,25,0,1,0,1,1,0,0,0,1,0
Harriet,password123,Moquegua,30,0,0,0,0,1,1,0,1,0,0
Milo,password123,Tumbes,39,0,1,0,0,0,1,0,0,0,1
Arwen,password123,Cuzco,32,1,0,1,0,1,1,1,0,1,1
Chopra,password123,Ica,22,1,0,0,1,0,0,0,1,1,1
Irum,password123,La Libertad,19,1,0,0,0,0,0,1,1,1,0
Alice,password123,Huancavelica,40,0,0,0,1,1,0,0,1,0,0
Sonny,password123,Junín,31,1,0,1,1,0,1,0,0,0,0
Sara,password123,Loreto,33,0,1,1,0,0,0,0,1,0,1
Jared,password123,Pasco,39,1,0,0,1,0,0,1,0,1,0
Blanka,password123,Puno,30,0,1,0,1,0,0,1,1,0,0
Jhonny,password123,Ucayali,18,1,0,0,0,0,1,1,1,1,0
Charles,password123,Puno,19,1,1,0,1,1,0,1,0,1,0
Fredrick,password123,Ayacucho,31,1,0,1,1,1,0,1,1,1,0
Jakub,password123,Huánuco,19,0,0,0,0,1,0,1,1,1,0
Zara,password123,Amazonas,33,0,0,1,1,1,0,1,0,0,1
Mariyam,password123,Áncash,35,0,1,0,0,0,0,0,0,0,0
Jason,password123,Áncash,36,0,0,1,1,1,1,0,1,0,1
Shayan,password123,Loreto,21,1,0,0,1,1,1,1,0,1,0
Muhammad Musharaf,password123,Moquegua,27,0,1,1,0,1,0,0,0,0,1
Kieran,password123,Apurímac,25,1,1,0,0,1,0,0,0,0,1
Niaz Ahmed,password123,Junín,25,1,1,1,1,1,0,1,0,0,0
Annie,password123,La Libertad,40,1,1,0,0,1,1,1,1,0,0
Saba,password123,Puno,21,1,0,0,0,0,0,1,0,0,1
Tommy,password123,Arequipa,24,0,1,1,0,1,1,1,1,0,0
Vidiya,password123,Lambayeque,25,0,0,0,0,1,0,0,0,0,1
Saaqib,password123,Apurímac,20,1,1,0,1,0,1,1,0,0,1
Zeeshan Khan,password123,San Martín,30,0,0,0,1,0,0,0,0,1,0
Jax,password123,Arequipa,24,1,1,0,0,1,1,0,0,1,0
Zoha,password123,Cuzco,26,1,0,1,1,1,0,1,1,1,1
Mohsin Khan,password123,Huancavelica,33,0,0,0,0,1,0,1,0,0,1
Hari Kuncoro,password123,Loreto,30,0,0,0,1,0,0,0,0,0,0
Umar Patek,password123,Huánuco,21,0,0,1,1,1,1,1,1,0,0
Paige,password123,Pasco,20,0,0,1,0,1,0,0,0,1,1
Mirza Khan,password123,Junín,32,1,0,0,1,1,0,1,1,0,1
Sardar Saad,password123,Puno,34,1,1,0,0,1,0,0,0,1,0
Khurrum Gill,password123,Loreto,39,0,1,1,0,0,0,1,1,1,1
Muhammad Usman,password123,Tacna,26,0,0,0,0,0,0,0,0,1,0
Marco,password123,Cuzco,22,1,0,0,0,0,1,0,1,0,1
Malcum,password123,Callao,22,0,0,0,0,1,1,0,0,1,1
Behraam,password123,Tumbes,37,0,1,1,0,0,1,1,1,0,0
Javeed Qazi,password123,Huancavelica,21,0,1,1,0,0,0,0,1,1,1
Lema,password123,Apurímac,31,1,1,1,0,1,1,0,0,1,1
tillie,password123,Amazonas,35,1,0,0,0,1,0,0,0,1,0
Thaliya,password123,Huancavelica,28,1,1,0,0,0,1,1,0,0,1
Akram,password123,Lima,28,0,0,1,1,0,1,1,1,0,1
Asensio,password123,Ucayali,28,1,1,0,0,0,0,0,0,0,1
Kashif Karamt,password123,Puno,37,0,1,0,1,0,1,1,0,1,1
Isabelle,password123,Pasco,25,0,0,1,0,0,0,0,0,0,0
Elsie,password123,Áncash,39,0,0,0,1,1,0,0,0,1,1
Saffron,password123,Cuzco,37,0,0,1,1,1,0,1,0,0,0
Adnan,password123,Pasco,37,1,1,0,1,0,1,0,1,1,0
Ayub,password123,Lima,37,1,1,1,0,0,1,0,1,1,0
Sundas,password123,Tumbes,38,0,1,1,1,0,1,0,0,0,1
Qotadah,password123,Huancavelica,35,0,1,1,1,1,1,1,1,0,0
Lilly,password123,La Libertad,20,0,1,0,1,1,0,0,0,1,0
Samuel,password123,Apurímac,37,1,1,1,0,0,0,1,1,0,0
Naja,password123,Cuzco,38,1,1,0,1,0,1,1,0,1,0
Madeleine,password123,Madre de Dios,18,0,1,0,1,1,0,0,0,1,1
Abby,password123,Huancavelica,40,1,0,0,1,0,0,0,0,1,0
Hashim Jutt,password123,Ica,39,1,1,1,1,1,0,0,1,1,0
Saim Shah Hamdani,password123,La Libertad,18,0,1,0,0,0,0,1,0,0,0
Taha Sheikh,password123,Moquegua,22,1,1,1,0,0,0,1,0,0,0
Dextor,password123,Huancavelica,37,0,1,0,0,0,1,1,0,0,1
Muhammad Shahzain,password123,La Libertad,32,0,0,1,1,0,1,0,0,0,1
Ahmad Sayid Maulana,password123,Ucayali,29,0,0,0,1,0,0,1,1,0,0
Sofia,password123,Ayacucho,26,0,1,0,1,1,0,1,1,0,0
Emma,password123,Junín,26,1,0,0,0,0,0,1,1,0,1
Gabriel,password123,Loreto,34,1,1,1,1,0,0,1,0,0,1
Ariella,password123,Ucayali,23,0,0,0,0,0,0,1,1,1,1
Waseem,password123,San Martín,24,0,0,1,0,0,1,1,0,0,0
Ahsan Butt,password123,Lambayeque,30,1,1,1,1,0,1,1,1,1,1
Mehak,password123,Huánuco,23,1,1,1,1,1,1,0,1,1,1
Ronnie,password123,Amazonas,39,1,1,1,0,0,1,0,0,0,0
Jesse,password123,Tacna,25,0,1,0,1,0,0,0,0,0,1
Homer,password123,Ucayali,19,0,1,0,1,0,0,0,0,1,0
Arslan,password123,Apurímac,32,0,0,1,0,0,1,0,0,0,1
Imogen,password123,Callao,31,1,1,1,1,0,0,1,0,0,1
Yaqoob,password123,Apurímac,39,1,0,0,1,0,1,1,0,0,1
Kami Khokar,password123,La Libertad,37,1,1,1,1,0,1,1,1,1,0
Mia,password123,Arequipa,26,1,0,1,1,1,0,1,1,0,1
Abdul Rafeh,password123,Lima,27,1,0,1,1,1,1,0,1,1,0
Lola,password123,Amazonas,21,0,0,0,0,1,0,0,1,0,0
Brandon,password123,Pasco,25,0,0,1,1,1,0,0,1,1,1
Dashing Hunk II,password123,Callao,33,1,1,1,1,1,0,0,1,0,1
Engr Sid Awan,password123,Huancavelica,28,1,0,1,0,0,1,0,1,0,0
Kai,password123,Madre de Dios,25,0,1,1,1,1,0,0,1,1,1
Asghar,password123,Ucayali,31,0,0,0,1,0,1,1,1,1,1
Shafaq,password123,Lima,22,1,1,1,1,1,0,1,1,1,0
Douglas,password123,Huancavelica,35,1,1,0,0,0,1,1,0,1,0
Azhar Sadat,password123,Piura,38,0,0,1,0,0,0,0,0,0,0
Kayla,password123,Lima,20,0,0,1,0,1,1,0,0,0,0
Gabriela,password123,La Libertad,20,1,1,1,1,0,0,0,1,1,0
Hanna,password123,Puno,23,0,0,1,0,1,0,1,1,1,1
Jamil,password123,Cuzco,36,1,1,0,0,0,0,1,1,1,0
Umair Hassan,password123,Arequipa,33,0,0,1,0,1,0,1,0,1,0
Morgab,password123,Huancavelica,18,0,1,1,1,1,1,0,0,1,0
Purnama Putra,password123,Tumbes,38,0,0,1,0,1,0,0,0,0,1
Saskia,password123,Apurímac,32,1,0,0,1,1,1,1,0,0,0
Saptono,password123,Ucayali,29,1,1,0,1,1,0,1,1,1,0
Abdul Basit,password123,Tacna,21,0,1,1,0,0,0,1,1,1,1
Selena,password123,Apurímac,38,1,1,0,1,1,0,1,0,0,0
Syed Bilal,password123,Cuzco,38,1,1,1,0,0,1,0,1,1,1
Lottie,password123,Callao,37,1,1,1,0,0,1,0,1,0,0
Zarmeena,password123,Apurímac,25,0,0,0,1,1,0,0,1,1,1
Evelina,password123,Pasco,23,1,1,0,0,1,1,0,1,1,0
Luisa,password123,Ica,30,0,0,1,0,0,0,0,0,1,0
Poppy,password123,Pasco,19,1,0,1,0,0,1,0,1,1,1
Usuf Khan,password123,Cuzco,30,0,1,1,1,1,1,1,0,1,1
Laila,password123,Ayacucho,37,1,0,1,1,1,1,1,1,1,0
Bilwal,password123,Tacna,39,1,0,1,0,0,1,0,1,0,1
Rowan,password123,Cuzco,19,1,0,1,0,0,0,1,0,1,1
Darca,password123,Áncash,40,0,1,1,0,1,0,0,0,0,1
Oscar,password123,Amazonas,32,0,1,0,0,1,0,1,1,1,1
Sarfaz,password123,Madre de Dios,24,0,0,0,0,1,0,1,1,0,1
Keely,password123,Cuzco,27,1,1,0,0,1,0,1,0,1,0
Zainab,password123,Moquegua,33,1,1,0,0,1,1,0,1,1,0
Eden,password123,Lambayeque,27,1,0,0,0,1,1,0,0,1,1
Shazi harry,password123,Huancavelica,18,0,0,1,1,1,0,1,1,1,0
Mason,password123,Tumbes,19,0,1,1,1,0,0,0,1,0,0
Andre,password123,Junín,20,1,1,1,1,0,1,0,1,1,1
Kattie,password123,Ica,29,0,1,0,0,0,1,0,0,1,0
Irfan Haider,password123,Madre de Dios,33,0,0,0,1,1,1,0,1,1,1
Jenson,password123,Tumbes,36,0,0,1,0,0,0,1,0,1,0
Heidi,password123,Pasco,32,1,0,1,1,1,0,0,1,0,1
Frankie,password123,Tumbes,26,1,0,0,0,1,0,1,0,1,0
Michael,password123,Puno,18,0,1,1,1,1,0,1,1,1,0
Jordi Alba,password123,Ica,18,1,1,1,0,0,0,0,1,1,1
Sajjad Sikandar,password123,Callao,18,0,0,0,1,0,0,0,0,1,0
Abdul Malik,password123,Ayacucho,33,1,0,0,1,1,1,1,1,0,1
Enceng Kurnia,password123,Ayacucho,25,0,0,0,1,0,0,0,1,0,0
Filip,password123,Puno,30,0,0,1,0,0,0,1,1,1,1
Xanthe,password123,Arequipa,38,1,0,0,1,0,1,1,1,1,0
Saurez,password123,Lambayeque,18,0,0,1,0,0,0,0,1,1,1
Faheem Akhtar,password123,Pasco,28,1,0,0,0,1,0,0,1,1,0
Chandra,password123,Lima,23,1,0,1,1,0,0,0,1,1,1
Dylan,password123,Apurímac,33,1,1,0,0,1,0,0,1,1,1
Miya,password123,La Libertad,28,1,1,1,1,0,0,1,1,1,0
Jonathan,password123,Cajamarca,35,0,0,0,1,1,1,1,0,1,1
Mohail,password123,Tacna,39,0,0,0,0,0,1,1,1,1,1
Saibi Malik,password123,Madre de Dios,38,0,1,1,1,1,0,0,0,1,0
Amir Chatta,password123,Ucayali,28,0,1,1,1,0,1,0,0,1,1
Jaden,password123,Junín,25,0,1,0,0,1,1,1,1,1,1
Raani,password123,Ayacucho,18,0,0,0,0,1,0,0,1,1,1
Ghulam Hyder Samejo,password123,Cajamarca,36,0,0,1,1,1,1,0,0,1,0
Arshad Khan,password123,Áncash,27,1,1,0,0,0,1,0,1,1,0
Aceng Kurnia,password123,Moquegua,25,1,0,1,1,0,0,0,1,0,0
Willow,password123,Junín,18,1,0,1,1,0,1,0,0,0,0
Ellis,password123,Cajamarca,35,0,0,1,0,0,1,1,0,1,0
Hassan Gull,password123,Cuzco,28,1,0,0,0,1,0,1,1,0,0
George,password123,Tacna,36,1,1,1,1,0,0,1,0,1,0
Bradley,password123,Huancavelica,33,1,1,1,0,0,1,1,1,1,1
Khusheed,password123,Loreto,18,1,0,1,1,1,1,1,1,0,1
Muhammad Khalil,password123,San Martín,26,0,1,1,1,0,0,0,0,0,0
Harun,password123,Huánuco,34,0,1,1,1,0,0,0,0,1,0
Asha,password123,Ayacucho,21,1,1,0,1,0,1,1,1,1,1
Maud,password123,Amazonas,26,0,0,0,0,1,0,1,1,1,1
Azad Bhutto,password123,Tacna,23,1,1,0,0,0,0,0,0,1,0
Summer,password123,Loreto,18,0,0,0,0,1,1,0,1,1,1
Emme,password123,Lambayeque,36,0,0,1,0,1,0,1,1,0,1
Thatcher,password123,Madre de Dios,40,0,1,0,1,0,1,1,0,1,0
Joni Achmad Fauzan,password123,Tacna,37,1,1,0,0,1,1,1,0,0,0
Esther,password123,Ucayali,31,0,0,1,0,1,1,1,0,1,1
Isobelle,password123,Amazonas,24,0,0,1,1,0,1,0,1,0,1
Usman,password123,Tumbes,22,1,0,0,0,1,1,0,0,0,1
Guriya,password123,Tumbes,19,0,1,0,1,1,1,0,0,1,0
Peter,password123,Callao,31,1,1,1,1,1,1,1,0,0,0
Sylvia,password123,Ica,27,1,1,1,0,1,1,0,0,0,0
Sanam Butt,password123,Ucayali,21,1,0,0,0,0,1,1,0,0,1
Dulmatin,password123,Huánuco,40,1,0,0,0,0,1,0,1,0,1
Jasmine,password123,Lambayeque,19,1,0,1,1,0,0,0,1,0,0
Naveed,password123,Ucayali,22,0,0,1,1,0,1,1,1,0,0
Irfan,password123,Apurímac,18,1,0,1,1,1,0,1,1,1,1
Hugo,password123,Tumbes,23,0,1,1,1,1,1,1,0,0,0
Haider,password123,Loreto,29,0,1,1,1,1,1,0,1,1,1
Ricky,password123,Madre de Dios,40,0,0,0,0,1,0,1,0,0,1
Alexis,password123,Ayacucho,27,0,1,0,1,0,1,1,1,1,1
Benedict,password123,Junín,40,1,1,0,1,1,1,0,0,0,0
Busquets,password123,Ucayali,22,0,1,0,1,0,1,0,1,0,0
Maria,password123,Ucayali,37,0,1,0,0,0,1,0,0,0,1
Doria,password123,Apurímac,32,1,0,0,0,1,1,0,0,1,1
Abdullah Khan,password123,Loreto,29,0,1,0,1,1,1,0,0,1,1
Miolly,password123,Amazonas,18,1,1,0,0,0,0,0,0,1,0
Jenna,password123,Cuzco,19,0,0,0,1,0,0,1,1,1,1
Suleman,password123,Tacna,38,1,0,1,0,1,0,1,1,1,1
Liam,password123,Arequipa,35,0,0,1,0,1,1,1,1,1,1
Zoe,password123,Lima,19,0,1,1,1,1,1,1,1,0,0
Hallie,password123,Tacna,33,1,0,1,0,1,0,0,1,1,1
Harry,password123,Puno,27,0,0,1,0,0,0,0,1,1,0
Jaazib,password123,Huánuco,19,0,0,1,1,0,1,0,0,0,0
Misbah,password123,Lima,24,1,0,1,1,0,0,0,0,1,1
Eiley,password123,Madre de Dios,23,0,0,0,1,0,0,0,1,1,1
Louie,password123,San Martín,27,0,1,1,0,0,0,0,1,1,1
Kashif,password123,Ayacucho,37,0,0,1,1,1,1,1,0,1,1
Syed,password123,Puno,29,1,0,0,1,1,0,1,1,0,0
Irun Hidayat,password123,Loreto,26,1,0,1,1,1,0,0,1,0,0
Elise,password123,Tumbes,30,1,1,0,1,0,0,1,0,0,0
Rehan Khan,password123,Ucayali,37,0,0,1,0,0,1,1,0,1,0
Laura,password123,Piura,25,0,1,1,1,1,1,0,0,1,1
Finn,password123,Piura,18,1,1,0,0,0,1,1,0,1,1
Sami Satti,password123,Loreto,38,1,1,0,1,0,1,0,0,1,0
Nasir Abas,password123,Callao,26,0,1,0,1,0,1,0,0,0,0
Rana Jhangir Khan,password123,Lambayeque,24,0,1,1,1,0,1,0,1,1,0
Hasnain Niazi,password123,Huánuco,21,1,0,0,1,0,0,1,0,0,1
Marcelo,password123,Huánuco,35,0,1,1,0,1,0,1,0,0,1
Alexandra,password123,Junín,30,1,0,1,0,1,0,1,0,1,0
Mehboob Sain,password123,Puno,19,0,0,1,0,0,1,0,1,1,1
Salman,password123,Pasco,40,1,1,1,1,0,0,1,0,1,1
Daniella,password123,Moquegua,35,0,1,0,1,0,1,0,0,1,0
Elsa,password123,Piura,23,0,0,0,0,1,0,1,1,1,1
Lyra,password123,Huánuco,38,0,0,1,0,0,0,0,0,1,0
Billy,password123,Loreto,28,1,0,0,1,1,1,1,0,1,1
Kamran,password123,Tacna,18,0,1,0,1,0,0,1,0,1,1
Bilaal,password123,Amazonas,25,1,1,0,1,1,1,0,0,1,1
Omaid,password123,Moquegua,23,0,0,0,1,1,0,1,1,1,1
Hailey,password123,Piura,28,1,0,1,1,0,1,0,1,0,0
Taylor,password123,Huancavelica,27,0,1,1,0,0,0,1,1,1,0
Jacklyn,password123,Pasco,39,0,0,0,1,1,0,1,1,0,1
Zeeshan,password123,Lambayeque,40,1,0,1,1,0,1,1,0,1,0
Sanjay,password123,Lambayeque,23,0,0,0,0,0,0,1,1,0,1
Komal Khan,password123,Moquegua,37,0,1,1,0,1,1,1,0,0,1
Sheikh Madiha,password123,Cajamarca,27,1,1,0,0,0,1,1,1,0,0
Naina Sadiq,password123,Huancavelica,30,1,0,0,0,0,0,0,1,1,0
Raza Muhammadi,password123,Cajamarca,23,1,1,0,1,0,1,0,0,0,0
Morata,password123,Lima,40,1,0,1,1,1,0,0,0,0,1
Mehmood Shah,password123,La Libertad,37,0,0,1,1,1,1,0,0,0,0
Sardona Siliwangi,password123,Piura,31,1,1,0,1,0,0,0,0,0,0
Carlo,password123,Apurímac,23,0,1,1,0,1,0,1,0,0,0
Geaorge,password123,Arequipa,22,1,0,1,1,0,0,0,0,0,0
Fatima,password123,La Libertad,19,1,0,1,1,0,1,1,0,0,0
Angel,password123,Áncash,34,1,0,1,0,0,1,1,0,1,1
Indie,password123,Ayacucho,21,1,0,0,0,0,1,1,0,1,0
Luka,password123,Lima,33,0,1,1,0,0,1,1,1,0,1
Joyce,password123,Ica,28,1,0,1,1,0,0,0,0,0,1
Tania,password123,Madre de Dios,22,0,1,1,1,0,0,1,0,1,1
James,password123,La Libertad,21,0,1,1,0,1,0,1,1,1,0
Jackson,password123,Loreto,31,0,1,1,1,0,0,0,0,1,0
Haris hassan,password123,Ayacucho,35,0,1,0,0,1,1,0,1,0,1
Shehrooz,password123,Huánuco,40,1,1,0,0,0,0,1,0,1,1
Armaan,password123,Apurímac,39,1,1,1,1,1,0,1,1,1,0
Sobiya,password123,Callao,31,0,0,0,0,1,1,0,1,0,0
Sana,password123,Loreto,34,0,1,0,0,1,0,1,1,0,0
Janu ki Jaan,password123,Cajamarca,22,0,0,1,0,0,1,1,0,0,0
Isla,password123,La Libertad,24,0,1,1,1,0,0,0,0,1,1
Kian,password123,Áncash,33,1,0,0,0,0,1,1,0,1,0
Hassan,password123,Apurímac,27,1,0,0,0,0,0,0,0,1,1
Musab Sahidi,password123,Huánuco,19,1,0,0,0,0,1,0,1,1,0
Ryan,password123,Amazonas,36,0,0,1,1,1,0,1,1,1,1
Fawad,password123,Moquegua,34,1,1,1,1,0,0,0,1,0,1
Sufiyan,password123,Moquegua,27,0,1,0,1,0,1,1,0,1,1
Irafan Doggal,password123,Huánuco,22,0,0,0,0,1,0,1,1,0,0
Burhan,password123,Pasco,23,0,0,0,1,0,0,0,0,1,1
Sadiq Nawaz,password123,Junín,30,1,0,1,0,1,1,0,1,0,1
Amjad,password123,Madre de Dios,22,0,1,1,0,0,0,0,0,1,0
Alidha,password123,Piura,31,0,1,1,1,0,0,0,0,1,0
Danny,password123,Puno,31,1,1,0,1,0,1,1,0,1,1
Malik Touqeer,password123,Loreto,18,1,0,0,0,0,1,1,0,0,1
Chloe,password123,Ucayali,28,0,0,1,0,0,1,1,1,1,1
Khateeb Ali,password123,Lambayeque,20,0,0,1,1,0,1,1,0,0,1
Haris Mujeeb,password123,Lima,23,1,0,0,1,1,1,0,0,1,1
Iqbal Huseini,password123,Cajamarca,30,0,1,0,0,0,1,0,0,1,0
Layla,password123,Cajamarca,23,1,1,1,0,1,1,0,0,0,1
Louis,password123,Junín,28,0,0,1,1,1,0,0,1,1,0
Shannon,password123,Junín,29,1,1,0,1,0,0,0,1,0,1
Shabnam,password123,Lima,19,1,1,0,1,1,0,0,1,1,1
Aneel,password123,Apurímac,34,0,1,0,0,0,0,0,1,0,1
Sienna,password123,Cajamarca,28,0,1,1,1,1,0,0,0,0,1
Nikita,password123,Ucayali,35,1,1,1,1,1,1,1,0,0,0
Ocean,password123,Piura,36,0,0,1,0,1,0,1,1,1,1
Zulqurnain,password123,Amazonas,27,0,0,1,1,0,0,1,0,0,1
Rizwan,password123,Lambayeque,21,0,0,1,1,1,0,0,1,0,1
Noah,password123,Loreto,37,0,0,1,1,1,1,1,1,1,0
Faizy Yar,password123,Huánuco,28,0,0,0,0,0,0,0,0,0,0
Ismail,password123,Cuzco,20,0,0,1,1,0,1,1,0,1,0
Freddie,password123,San Martín,32,1,0,1,1,0,0,1,0,1,1
Robert,password123,Arequipa,21,0,1,1,1,1,0,1,1,1,1
Ronan,password123,Huánuco,21,0,1,0,0,0,0,0,0,1,0
Muhammad Usama,password123,Pasco,23,0,1,1,0,1,1,1,1,1,0
Ellie,password123,Piura,34,1,1,1,1,1,0,0,1,0,0
Sumaiya,password123,Piura,33,1,1,1,1,1,1,0,1,0,1
Jahangir,password123,Callao,24,0,0,0,0,0,1,1,1,0,0
Yaseen Ahmed,password123,Cuzco,30,0,1,0,1,0,1,0,0,0,1
Imran,password123,San Martín,28,1,0,1,0,0,1,1,1,1,1
Eesa,password123,Ayacucho,20,1,1,1,1,0,0,1,0,0,0
Kyle,password123,Amazonas,27,0,0,1,1,1,0,0,0,0,0
Yazdaan,password123,San Martín,22,0,1,1,0,1,0,1,0,0,1
Abdul Rohim,password123,Cuzco,27,0,1,0,0,0,1,1,0,0,1
Kayden,password123,Madre de Dios,18,1,0,0,0,0,1,0,1,0,1
Faizan Sheikh,password123,Junín,24,0,1,1,0,1,0,1,1,1,1
Arthur,password123,Huancavelica,19,1,0,1,0,1,0,0,0,1,1
Aleena,password123,San Martín,23,0,1,1,0,1,1,0,0,1,1
Aziz ur Rehman,password123,Ica,26,0,1,1,1,0,1,1,0,0,0
Dililah,password123,Huancavelica,30,0,0,1,1,1,1,1,1,1,1
Edgar,password123,Madre de Dios,22,0,0,0,0,0,1,0,1,1,1
Usman Kazi,password123,Cajamarca,20,1,0,0,1,1,1,1,1,1,1
Ali Dogar,password123,Huancavelica,30,1,1,1,0,0,1,1,1,0,1
Faith,password123,Piura,20,1,0,1,0,0,1,0,0,0,1
Mian Tahir,password123,San Martín,34,0,1,1,1,1,1,1,1,0,1
Ismael,password123,Amazonas,37,0,1,0,0,0,0,0,1,1,0
Rameez,password123,Tacna,37,0,0,1,1,0,0,1,1,1,1
Ollie,password123,Huánuco,36,0,1,0,0,1,1,0,0,1,0
Iris,password123,Pasco,27,1,1,1,0,0,1,0,0,1,0
Asher,password123,Cajamarca,38,1,1,1,1,0,0,1,1,0,1
Subur Sugiarto,password123,Lambayeque,35,0,0,0,0,0,1,0,1,0,0
Maroof,password123,Huancavelica,40,1,0,1,0,1,1,1,0,0,1
Sana Saleem Awan,password123,Arequipa,32,0,1,1,0,1,1,0,0,0,0
Tia,password123,Ucayali,26,0,1,0,1,0,0,0,1,0,1
Eesha,password123,Moquegua,31,0,1,1,1,0,0,0,1,1,0
Farhan,password123,Loreto,30,1,0,0,1,0,0,0,1,0,0
Yusuf,password123,Tacna,37,1,1,1,1,1,0,1,1,0,1
Abdullah Sungkar,password123,Cuzco,26,1,1,1,0,0,1,0,0,1,0
Harleu,password123,Piura,24,0,0,1,0,1,0,0,0,0,1
Tony,password123,Moquegua,20,1,1,1,1,1,1,1,0,0,1
Sajjad Ali,password123,Cuzco,27,0,0,1,0,1,0,0,1,0,1
Taskeen,password123,Huánuco,36,1,1,0,0,1,1,1,1,0,0
Fariiddu Khan,password123,Loreto,31,1,1,0,1,0,1,0,0,1,1
Muhammad Bilal,password123,Piura,30,1,1,1,1,0,1,0,0,0,1
Aris Munandar,password123,Cuzco,31,0,0,1,0,1,0,0,1,1,0
Joko Triharmanto,password123,Ayacucho,23,0,0,1,0,0,1,1,0,0,0
Bailey,password123,Callao,30,0,0,1,1,1,0,1,1,0,0
Rio,password123,Huancavelica,32,1,1,1,1,0,0,1,1,1,1
Tanveer Ghumman,password123,Lambayeque,23,0,0,0,1,0,0,1,0,0,1
Abu Bakar Baasyir,password123,Ucayali,19,0,0,1,1,0,1,0,1,1,0
Austin,password123,Tacna,33,1,1,0,0,1,0,0,0,0,1
Harman,password123,Callao,30,1,1,1,1,1,0,0,0,0,1
Christine,password123,Loreto,35,0,1,1,0,1,1,0,1,0,1
Dwayne,password123,Loreto,34,1,0,1,0,0,1,0,0,0,1
Abigail,password123,Puno,24,1,1,1,0,1,1,1,1,1,1
Eve,password123,Apurímac,21,0,1,1,0,1,1,1,1,0,0
Arshad,password123,Moquegua,26,1,0,1,0,1,1,1,1,1,1
Megan,password123,Tumbes,22,1,0,0,0,1,1,0,1,1,0
Adam,password123,Moquegua,36,0,0,1,1,1,1,1,0,1,1
Maya,password123,Huánuco,30,1,1,0,1,1,1,1,1,0,0
Jasleem,password123,La Libertad,36,0,0,1,0,1,1,1,0,1,1
Maryam Salman,password123,Lambayeque,21,1,1,0,1,1,0,1,1,0,1
Muhammad Khan,password123,Amazonas,27,0,1,0,1,0,0,0,0,1,0
Shahzad Rasheed,password123,Amazonas,25,1,0,1,0,0,0,0,1,1,0
Tohir,password123,Apurímac,30,1,0,1,0,1,1,1,0,0,0
Bobby,password123,Cajamarca,26,1,1,1,0,1,0,0,0,0,1
Hector,password123,Tumbes,22,1,0,0,1,0,0,1,0,0,1
Tanisha,password123,Tumbes,39,1,0,0,1,1,1,0,0,0,0
Ayva,password123,Amazonas,34,1,0,0,0,1,1,1,0,1,1
Abu Fida,password123,Loreto,32,0,0,0,1,0,0,1,0,0,0
Khushi,password123,Piura,22,1,0,1,0,1,0,0,0,1,0
Ayesha Shah,password123,Ayacucho,39,1,1,1,1,1,1,1,1,0,0
Natalie,password123,Ayacucho,24,0,0,0,1,0,1,0,1,0,1
Zulfiqar,password123,Moquegua,23,1,1,1,1,1,0,1,0,0,1
Evan,password123,Junín,27,0,1,0,0,0,0,0,1,1,1
Lillie,password123,Callao,35,0,1,0,1,1,1,0,1,1,0
Violet,password123,Ayacucho,19,0,1,0,0,0,1,0,0,1,1
Alicia,password123,Callao,32,1,1,0,0,0,1,1,1,1,0
Nasrullah,password123,Piura,30,1,0,1,0,1,1,1,1,0,1
Salman Madni,password123,La Libertad,38,1,1,0,1,0,0,1,1,0,0
Arooj,password123,Lambayeque,19,1,0,0,1,0,0,1,0,1,1
Osama Ch,password123,Loreto,21,1,0,1,0,1,0,1,1,1,0
Nathan,password123,Ayacucho,28,1,0,0,1,0,0,0,0,0,0
Nazir Ahmed,password123,Moquegua,39,1,1,0,1,0,0,0,0,0,0
Hannah,password123,Huánuco,30,1,0,0,0,0,0,0,0,0,0
Hayden,password123,Lima,40,0,0,0,0,1,0,0,0,1,0
Hamayun Zubair,password123,Piura,39,1,0,0,0,1,1,1,0,0,0
Ali Awan,password123,Amazonas,29,0,1,0,0,0,0,0,1,1,1
Benjamin,password123,Loreto,40,1,1,1,0,0,0,0,0,1,0
Nate,password123,Loreto,28,1,1,0,1,1,0,1,0,0,0
Ramos,password123,Arequipa,27,0,0,0,0,0,0,0,1,1,1
Hamza Rehman,password123,Huánuco,38,1,0,0,0,1,1,0,1,0,1
Jasper,password123,Apurímac,28,0,0,1,0,0,1,0,0,0,0
Audry,password123,La Libertad,31,0,1,0,0,1,0,1,0,1,1
Reece,password123,Madre de Dios,30,1,0,0,1,0,0,1,0,0,1
Mohammad Ata Farid,password123,Lambayeque,35,0,0,0,0,0,0,0,1,0,0
Emila,password123,Loreto,23,0,0,0,0,1,1,0,1,0,0
Zach,password123,Cuzco,37,1,0,0,1,1,0,1,0,1,1
Said Sungkar,password123,Piura,28,1,0,0,1,1,1,1,0,1,1
Carmen,password123,Huancavelica,33,1,0,1,1,0,1,1,0,0,1
Kamal Kami,password123,Callao,36,1,0,1,0,0,0,1,1,0,1
Imam Samudra,password123,Arequipa,37,0,1,0,0,0,1,0,0,1,1
Ivy,password123,Cajamarca,22,1,0,1,1,0,0,0,0,0,1
Shanice,password123,Ucayali,26,1,0,0,1,0,1,1,1,0,0
Scott,password123,Huancavelica,36,1,0,0,0,0,0,1,0,0,0
Lewis,password123,Tumbes,37,1,1,0,0,0,0,0,0,1,0
Salik Firdaus,password123,Arequipa,20,0,1,0,0,1,1,1,0,1,1
Hafeez,password123,Cuzco,30,1,1,1,0,0,0,0,1,1,0
Tahir,password123,Lambayeque,21,1,0,0,1,1,1,0,0,1,0
Misno,password123,Puno,18,1,1,0,1,0,1,0,1,0,0
Mabel,password123,Ucayali,32,1,1,1,0,0,0,0,0,1,1
Joseph,password123,Cajamarca,35,1,0,0,0,1,0,1,1,1,1
Olly,password123,Ayacucho,40,1,0,0,0,0,0,0,1,0,1
Mahnoor,password123,Lambayeque,20,1,0,1,0,0,0,0,1,1,0
Fahad Malik,password123,Cuzco,28,1,1,0,1,0,1,1,0,1,0
Fathurrochman,password123,Ica,35,0,1,0,0,1,1,1,0,1,1
Cholily,password123,Huancavelica,31,1,0,0,1,1,0,1,0,1,1
Shahzada Khurram,password123,Cajamarca,18,1,0,0,1,0,0,1,0,1,0
Samiullah,password123,Loreto,20,0,1,1,1,1,1,0,0,0,1
Azhar,password123,Callao,34,0,1,0,1,0,0,0,1,0,0
Momina,password123,Cajamarca,39,0,0,1,1,0,1,1,1,0,0
Daisy,password123,Apurímac,35,1,0,1,0,0,0,0,0,1,0
Qareem,password123,Huánuco,40,1,0,1,0,1,1,0,0,1,1
Najam,password123,Huánuco,24,0,1,1,1,1,1,1,0,0,0
Elijah,password123,Cuzco,21,1,0,1,0,1,0,1,1,0,1
Saad,password123,Cajamarca,23,0,1,0,0,0,0,1,1,0,1
Ayaan,password123,Puno,31,0,1,1,1,1,1,1,0,1,1
Joanne,password123,Ica,32,0,0,1,1,1,1,1,1,0,1
Zeehsan Ahmed,password123,Huánuco,26,0,0,0,0,1,0,0,0,0,1
Macie,password123,Huancavelica,23,1,0,1,0,0,0,1,1,0,1
Arsalan,password123,San Martín,21,0,1,1,1,1,1,0,0,0,1
Amman,password123,Madre de Dios,34,1,0,1,0,0,1,1,1,0,1
Erin,password123,La Libertad,22,1,1,0,1,1,0,1,0,1,0
Ahmad Rofiq Ridho,password123,Lambayeque,24,1,1,0,0,0,0,1,1,1,1
Aquib,password123,Pasco,28,1,0,0,1,0,0,1,1,0,1
Wajahat,password123,Piura,25,1,0,1,1,0,1,1,0,0,1
Saleem,password123,Tacna,19,1,0,1,1,0,1,1,1,1,0
Diya,password123,Ica,30,1,1,1,0,0,0,0,1,1,0
Jasmin,password123,Loreto,36,1,0,0,1,1,1,1,1,0,1
Haider Umar,password123,Madre de Dios,19,1,0,1,1,1,1,0,0,0,1
Charlotte,password123,Áncash,39,1,1,0,1,1,0,1,1,0,0
Gracie,password123,Madre de Dios,19,0,1,1,1,1,0,0,1,0,1
Sadie,password123,Huánuco,23,0,0,1,1,0,1,0,0,0,0
Zander,password123,Loreto,34,1,1,0,1,1,1,1,1,1,0
Son Hadi,password123,Cuzco,22,0,1,0,0,0,0,0,0,0,0
Rohan,password123,Junín,35,1,0,0,0,1,0,0,1,1,0
Vriab,password123,Tumbes,20,0,1,0,1,0,0,1,0,1,0
Afifa,password123,Cajamarca,33,0,0,0,0,0,1,0,0,0,0
Muhammad Tayyab,password123,Junín,40,1,0,1,0,0,0,1,1,0,1
Ewan,password123,Amazonas,25,1,0,0,0,1,1,0,1,1,0
Evelyn,password123,Moquegua,31,1,1,1,1,1,1,0,0,1,1
Joel,password123,Callao,39,1,0,1,0,0,0,1,1,1,1
Aidan,password123,Huancavelica,37,0,0,0,0,1,0,0,1,1,1
Wyat,password123,San Martín,23,1,0,1,1,0,1,0,1,1,1
Kyran,password123,Apurímac,28,1,0,1,0,0,0,0,1,0,0
Miliana,password123,San Martín,40,0,0,1,0,1,0,0,1,0,0
Felic,password123,Apurímac,23,0,1,1,1,1,1,1,1,1,1
Nadeem,password123,Pasco,28,0,1,0,1,0,0,1,1,0,1
Huzaifa Moughal,password123,Lima,29,1,0,0,1,0,1,0,1,1,0
Yousaf,password123,Madre de Dios,22,1,0,1,0,0,1,1,0,0,0
Imad,password123,Ica,33,1,0,1,0,1,1,0,1,1,0
Rehmat Khan,password123,Arequipa,22,1,0,1,0,0,0,1,0,0,0
Anif Solchanudin,password123,Piura,33,0,1,1,0,1,0,0,1,1,1
John,password123,La Libertad,32,0,0,0,1,0,1,1,1,0,0
Javeed,password123,Huancavelica,25,1,0,1,1,1,1,1,0,1,1
KH Hassan,password123,Apurímac,29,1,1,0,1,0,1,0,1,0,0
Adnan Shah,password123,Huánuco,29,0,0,1,0,0,0,1,0,1,1
Zack,password123,Arequipa,36,1,0,0,1,0,1,1,1,0,0
Oliver,password123,Madre de Dios,29,0,0,0,0,0,1,1,1,0,1
Saeed,password123,Ayacucho,36,0,0,1,0,1,1,1,0,0,0
Saleem Hassan,password123,Ucayali,24,1,0,0,1,1,0,0,0,1,0
Sebastian,password123,Loreto,22,1,0,1,1,1,0,0,1,0,0
De Gea,password123,Cajamarca,19,0,0,1,0,0,1,1,0,0,0
Joshua,password123,Huánuco,20,1,1,0,0,0,1,0,1,1,1
Harvey,password123,Callao,25,1,0,0,0,1,0,1,1,0,0
Christopher,password123,Tacna,34,1,1,0,0,1,0,0,1,1,1
Maison,password123,Tumbes,21,1,0,1,1,0,1,1,1,1,1
Amir Jamil,password123,Amazonas,24,0,1,1,1,1,1,1,1,1,1
Orla,password123,Ayacucho,27,1,1,1,0,0,1,1,0,0,1
Hermione,password123,Junín,32,0,0,0,1,1,0,1,1,1,0
Verity,password123,Áncash,31,0,0,0,0,0,0,1,1,0,1
Subhaan,password123,Lima,26,0,1,0,0,0,1,0,1,0,1
Nadiya,password123,Pasco,35,0,0,1,0,1,1,0,0,1,1
Muhib Awais,password123,Huánuco,39,0,0,0,0,0,0,1,0,1,1
Zia Khan,password123,San Martín,20,0,0,0,1,0,0,1,0,1,1
Dani Chandra,password123,La Libertad,34,0,1,1,0,1,1,1,0,1,1
Zulkarnaen,password123,Madre de Dios,36,0,0,1,0,1,0,0,0,1,0
Leo,password123,Lima,36,0,0,1,0,0,1,1,0,1,0
Sandra,password123,Apurímac,28,0,1,0,0,0,0,1,0,1,0
Saqib,password123,Puno,28,1,1,1,1,0,1,1,0,1,0
Raja Imran Zafar,password123,San Martín,31,0,0,0,1,0,0,1,1,1,0
Pollard,password123,Callao,29,1,0,1,0,1,0,0,0,0,1
Andleeb,password123,Huánuco,28,1,1,0,1,0,1,1,0,1,0
Qadeer,password123,Amazonas,38,0,0,0,1,0,1,0,0,0,1
Abu Bakar,password123,Ayacucho,34,0,1,1,1,1,0,1,1,0,1
Salmaan,password123,Callao,22,1,0,1,0,0,1,1,1,0,1
Mehboob,password123,Tacna,29,1,0,0,0,1,1,0,0,1,1
Muhammad Faisal Sheikh,password123,Apurímac,28,1,1,0,1,0,1,1,0,1,1
Leaon,password123,Ucayali,35,1,1,1,1,1,1,1,1,1,1
Beatrice,password123,Pasco,29,1,0,1,0,1,0,1,0,1,1
Wasil,password123,Tumbes,19,1,0,1,0,0,0,1,1,1,1
Hassaan,password123,Piura,27,0,1,1,0,1,1,1,1,0,1
Niamh,password123,Amazonas,26,0,1,0,1,1,0,1,1,0,1
Hina,password123,Junín,33,1,0,1,0,0,1,1,1,1,0
Sye,password123,Lambayeque,38,0,1,1,1,1,1,0,1,1,0
Shahzada Asad,password123,Ica,19,1,0,1,1,0,0,1,0,1,1
Rosie,password123,Ica,26,1,0,1,1,0,1,1,1,1,1
Sarwar,password123,Huancavelica,31,1,1,1,1,0,1,1,0,1,1
Bella,password123,Lima,22,1,1,0,1,0,1,1,1,0,1
Bushra,password123,Huancavelica,34,1,1,0,1,0,1,1,0,1,0
Nida Khan,password123,Ucayali,22,0,0,0,0,0,1,1,0,1,1
Muhammad Raza Ansari,password123,Huancavelica,23,1,0,1,0,0,0,0,0,0,1
Eleanor,password123,Cajamarca,27,0,0,1,0,1,1,0,1,0,0
Alyssa,password123,Junín,34,1,1,0,1,0,1,0,0,0,0
Rameeza,password123,Callao,37,1,0,1,0,1,1,0,1,1,0
Allah Baksh,password123,Lambayeque,19,1,0,1,0,1,1,1,0,1,1
Azam Rumi,password123,La Libertad,36,1,0,1,1,0,0,1,0,1,1
Freya,password123,Lima,29,1,0,1,0,1,1,1,1,1,0
Marley,password123,Pasco,23,0,1,0,0,1,1,1,0,0,0
Sion,password123,Piura,33,0,1,1,0,1,1,0,1,1,0
Hassan Bhatti,password123,Cuzco,39,1,1,1,0,1,0,0,1,0,0
Zahid Khalil,password123,Áncash,21,1,1,1,0,1,0,1,0,0,0
Ajay,password123,Puno,25,0,1,1,0,1,0,1,1,1,1
Edward,password123,Tumbes,38,0,0,0,0,1,0,1,0,1,0
Aneela,password123,Arequipa,38,0,1,1,0,1,0,0,0,0,0
Ella,password123,Huancavelica,30,1,0,0,0,0,1,0,0,0,1
Waqas Nazir,password123,Junín,39,1,0,1,1,0,1,0,1,0,0
Hope,password123,San Martín,32,0,1,1,0,1,1,1,0,0,0
Muhammad Wasif,password123,Cuzco,21,0,1,1,1,0,1,0,1,1,0
Mubashar Baba,password123,Ica,29,1,1,1,0,1,0,1,1,1,0
Bale,password123,La Libertad,31,1,1,0,1,0,1,1,1,1,0
Kashf,password123,Ucayali,20,0,0,1,0,1,1,1,1,0,0
Abdul Rafey,password123,Ucayali,31,1,1,1,1,0,0,0,0,1,0
Shoaib Khan,password123,Ucayali,27,0,1,1,1,1,0,0,1,0,1
Saleem Ahmed,password123,Lima,26,0,0,0,1,0,1,1,1,0,1
Maximillan,password123,Lambayeque,24,0,0,0,1,0,1,1,1,0,0
Jensen,password123,Arequipa,19,1,1,0,0,1,1,1,0,1,0
Brian,password123,Ucayali,40,0,1,0,0,0,0,1,1,1,1
Faizan,password123,Pasco,35,1,1,0,1,0,1,0,0,0,1
Sibgha,password123,Junín,32,1,1,1,0,1,0,1,1,1,1
Muhammad Arif,password123,Tumbes,33,1,0,1,0,1,0,1,1,0,0
Max,password123,Huánuco,29,0,1,0,0,0,0,1,0,1,0
Ahmed,password123,Lambayeque,38,0,0,0,1,1,1,0,0,1,1
Sammi,password123,Tacna,36,0,1,1,0,0,0,1,0,0,0
Abdullah Butt,password123,Puno,20,0,1,0,0,1,1,0,1,1,0
Saad Fiaz,password123,Cuzco,25,1,0,1,1,0,0,1,1,1,0
Mohamed Rais,password123,Apurímac,31,0,1,1,0,1,0,0,0,0,1
:ibbie,password123,Junín,21,0,1,0,1,0,0,1,1,0,0
Ahmed Naqash,password123,Madre de Dios,37,1,0,1,0,1,0,1,1,1,1
Ibrahim,password123,San Martín,20,1,1,1,1,1,0,1,0,1,1
Nusrat Khan,password123,Ica,24,0,1,0,0,0,0,1,1,0,1
Engkos Kosasih,password123,Apurímac,24,0,0,1,0,1,1,1,0,1,1
Mabele,password123,Tumbes,26,1,0,0,1,0,1,0,0,1,1
Sameer Ahmed,password123,Tumbes,22,0,0,0,0,1,1,1,0,0,1
Pearl,password123,Callao,19,1,0,0,1,1,0,1,0,0,1
Mula,password123,Piura,24,1,1,0,0,0,0,0,1,1,0
Asad Ali,password123,San Martín,22,1,1,1,0,0,1,1,1,1,1
Lydia,password123,Tacna,23,0,1,1,1,0,0,1,0,1,1
Cody,password123,Lima,39,1,1,0,0,1,1,0,0,0,1
Albert,password123,Piura,40,0,1,1,0,1,1,1,1,0,1
Angelina,password123,Piura,29,1,0,0,1,0,0,1,1,1,1
Alina,password123,Junín,18,0,1,0,1,1,1,0,0,1,0
Murk Latif,password123,Áncash,33,0,0,1,1,0,0,1,0,0,1
Isobel,password123,Callao,36,1,0,1,1,1,1,1,0,1,1
Nancy,password123,Huancavelica,38,0,1,1,0,0,1,1,1,1,1
Alexander,password123,San Martín,40,0,1,0,0,1,1,0,0,1,1
Anya,password123,Puno,32,1,0,1,0,1,0,0,0,1,0
Roberto,password123,Loreto,37,1,0,0,0,0,0,0,0,1,1
Muaaz Ur Rehman,password123,Apurímac,21,1,0,0,0,0,1,1,0,1,0
Rocco,password123,Tumbes,35,0,1,0,1,1,0,1,1,1,0
Muskaan,password123,Madre de Dios,30,0,1,1,0,0,0,1,1,0,0
Osama,password123,Áncash,36,1,0,1,1,0,0,1,0,0,1
Usman Ghani,password123,Loreto,32,1,1,1,0,0,0,1,0,0,0
Faheem Ahmed,password123,Lambayeque,31,0,1,1,1,0,0,1,1,1,0
Nathaniel,password123,Ucayali,32,1,1,0,0,1,1,0,1,0,0
Shehbaaz,password123,Ica,36,1,0,1,0,0,1,1,1,1,0
Hamid,password123,San Martín,36,0,1,1,0,0,1,0,0,0,1
Gulshan,password123,Piura,19,0,1,1,0,1,1,1,0,1,0
Tobias,password123,Lima,38,1,0,0,0,0,0,1,1,1,0
Stanley,password123,Huánuco,28,0,0,0,1,1,0,1,1,1,0
Michelle,password123,Lima,31,0,1,0,1,0,1,0,1,1,1
Aiza,password123,Tacna,37,0,1,0,1,1,1,1,1,1,0
Wajeeha,password123,La Libertad,32,1,1,1,1,0,0,1,1,0,0
Nargis,password123,Loreto,31,1,0,1,1,0,1,0,1,1,1
Nabeeha,password123,Cuzco,29,0,1,0,1,0,1,1,0,1,1
Fawad Khan,password123,Cuzco,31,1,1,0,1,0,1,1,0,0,0
Mazan Hoot,password123,Puno,27,0,0,0,0,0,0,0,1,1,0
Madison,password123,Huancavelica,33,1,1,0,1,0,1,0,0,0,0
Asim,password123,Puno,32,0,1,1,1,1,1,0,1,1,1
Lexie,password123,Ucayali,21,1,1,0,0,0,0,0,0,1,1
Iwan Dharmawan,password123,Arequipa,25,0,1,1,1,1,0,1,1,0,1
Amber,password123,Puno,40,1,1,1,0,0,1,0,1,0,1
Mustafa Dk,password123,Callao,37,0,1,0,1,1,1,0,0,0,0
Baharudin Soleh,password123,La Libertad,32,1,0,0,0,0,1,0,0,0,0
Aiana,password123,Tumbes,24,1,1,0,1,0,0,1,0,1,0
Jarryullah,password123,Apurímac,40,0,0,0,0,0,1,1,0,1,1
Akmal Khan,password123,Cuzco,30,0,1,1,0,1,1,0,0,0,0
Umar Wayan,password123,Pasco,23,0,0,1,1,0,0,1,0,0,1
Riley,password123,Lima,27,0,0,1,1,0,1,0,0,0,0
Sohail,password123,Cuzco,19,1,0,0,1,1,1,1,1,1,0
Ishku Ishku,password123,Lambayeque,21,1,0,0,1,1,0,1,0,0,1
Lucy,password123,Ica,33,1,1,0,0,0,0,1,1,0,0
Ali Ahmad,password123,Amazonas,31,1,1,1,1,0,0,0,0,1,1
Ashraf,password123,Cuzco,40,0,0,0,0,0,0,0,1,0,1
Victoria,password123,Ica,37,1,0,1,1,1,1,1,0,0,0
Florence,password123,Lambayeque,39,1,1,1,1,0,0,1,1,0,0
Anna,password123,Lima,29,1,1,1,1,0,1,0,1,0,1
Alveena,password123,Junín,25,0,1,1,0,1,1,1,0,0,1
Abu Dujanah,password123,Huancavelica,27,1,0,0,0,1,1,0,0,1,0
Lacey,password123,Huancavelica,29,1,0,0,1,1,1,1,0,0,0
Saima,password123,Madre de Dios,29,1,1,0,0,1,1,0,1,1,0
Arshiya,password123,Lima,18,1,1,1,0,0,1,1,1,1,1
Rhys,password123,Tacna,32,0,0,0,0,0,1,0,0,1,0
Dolcie,password123,Apurímac,28,1,1,0,0,1,1,1,0,1,1
Sanam,password123,San Martín,35,0,0,1,1,0,1,0,0,1,1
Lexi,password123,Pasco,33,1,0,1,0,1,1,1,0,1,1
Keiron,password123,Puno,18,1,0,0,0,1,0,1,1,0,0
Rorry,password123,Arequipa,30,0,0,0,0,1,0,1,1,1,1
Lorenzo,password123,Callao,21,1,1,0,1,0,0,0,0,0,1
Phoebe,password123,Cuzco,28,0,0,1,1,0,0,0,0,1,0
Faizan Ahmed,password123,Ica,18,1,0,1,0,0,0,1,0,0,0
Tayla,password123,Ucayali,20,1,1,0,1,1,0,1,0,0,0
Shahid,password123,Tacna,21,1,0,1,0,1,0,0,1,1,1
Nicole,password123,Apurímac,32,0,0,0,0,1,1,1,0,1,1
Holly,password123,Tumbes,40,0,1,1,0,1,0,0,0,0,0
Cameron,password123,Moquegua,32,1,0,1,1,1,1,0,1,1,1
Damian,password123,Huánuco,31,1,1,1,1,1,1,1,1,1,1
Mishaal,password123,Apurímac,26,1,1,1,0,0,1,0,0,1,0
Luke,password123,Áncash,36,1,1,1,1,1,1,1,1,0,0
Matthew,password123,Cuzco,31,0,0,1,1,0,1,0,1,1,1
Elliot,password123,Ucayali,35,1,0,1,0,0,1,1,1,1,0
Rahat Ali,password123,Huancavelica,31,0,0,1,1,0,1,1,0,1,1
Jameela,password123,Moquegua,39,0,1,0,0,1,1,1,1,1,0
Jabir,password123,Pasco,20,0,1,1,1,1,1,1,1,0,0
William,password123,Huancavelica,40,1,1,1,1,0,0,0,0,0,0
Sophia,password123,Junín,36,1,0,1,0,1,1,1,0,0,1
Owen,password123,Áncash,36,0,0,1,0,0,1,0,1,1,0
Georgina,password123,Ica,23,0,1,0,1,1,1,0,1,1,0
Warren,password123,Tacna,24,1,0,0,0,0,0,1,1,0,1
Ubaid,password123,Amazonas,33,1,0,0,1,1,0,1,0,0,1
Mudassar Munir,password123,Arequipa,21,0,1,0,1,0,1,1,1,0,0
Owais Arain,password123,Puno,32,1,0,0,0,1,0,1,1,1,1
Zaib Khan,password123,Puno,26,0,0,0,1,1,1,0,1,1,0
Fathurrahman al-Ghozi,password123,Ayacucho,40,1,0,1,1,1,1,0,0,1,1
Nicholas,password123,Ucayali,33,0,1,1,1,1,0,0,1,0,1
Aleisha,password123,Apurímac,35,1,1,0,0,1,1,0,0,0,0
Reid,password123,Amazonas,40,1,1,1,1,1,0,0,1,1,1
Waqas,password123,Piura,33,1,0,0,1,1,1,0,0,0,0
Aymen,password123,La Libertad,33,1,0,1,1,1,0,1,0,0,0
Toni Togar,password123,Apurímac,32,1,1,0,0,1,0,0,0,1,0
Noki Dada,password123,Ayacucho,37,0,0,0,0,0,1,1,0,1,0
Annabelle,password123,Áncash,27,0,1,1,1,1,1,1,1,0,1
Lucas,password123,Amazonas,38,0,1,0,0,0,1,0,0,1,1
Akhtar Munir,password123,Amazonas,34,1,0,0,0,0,0,1,1,0,1
Khalid Rehman,password123,Cuzco,20,1,1,0,1,0,0,1,0,0,1
Amelie,password123,Ucayali,22,0,1,1,1,1,1,0,0,0,0
Munfiatun,password123,Apurímac,40,1,0,1,0,1,1,0,0,0,1
Theo,password123,Ica,37,0,0,0,0,0,1,0,0,1,0
Saturna,password123,Huánuco,29,0,0,1,1,1,1,0,1,0,0
Ghulam Sadeeq,password123,Ayacucho,20,1,0,0,0,0,1,1,0,1,1
Marcus,password123,Puno,19,1,0,1,0,1,0,1,1,1,1
Shama,password123,Ica,20,0,0,0,0,0,0,1,1,1,0
Roxie,password123,San Martín,34,1,0,0,0,0,0,1,0,0,0
Musarrat,password123,Callao,33,0,0,0,1,1,1,1,1,0,1
Faiza,password123,Pasco,22,0,0,1,0,0,0,1,1,0,1
Fahad Rehman,password123,Áncash,28,1,1,1,0,0,1,1,0,1,0
Rosihin Noor,password123,Áncash,23,0,1,1,0,1,0,0,1,1,0
Savannah,password123,La Libertad,26,1,0,1,1,0,1,0,1,1,1
Katty,password123,La Libertad,26,0,0,0,0,0,0,1,0,1,0
Casper,password123,San Martín,27,1,1,0,0,1,1,0,1,1,0
Martina,password123,Callao,36,1,1,0,0,0,0,0,1,1,1
Alberto,password123,Ayacucho,20,0,1,1,0,0,1,1,1,1,0
Tilly,password123,Huancavelica,26,0,0,0,1,0,0,0,1,1,0
Kacie,password123,Arequipa,26,0,0,0,1,0,1,1,1,0,1
Zobiya,password123,Tumbes,18,1,1,0,1,0,1,1,0,0,1
Janice,password123,Huánuco,32,1,0,0,1,1,1,1,0,1,1
Riaz Ansari,password123,Lambayeque,37,0,1,1,0,0,0,0,0,1,1
Mohamed Ihsan,password123,Ayacucho,36,1,1,0,0,0,1,0,1,0,1
Louisa,password123,Callao,32,0,1,1,1,1,0,1,1,1,0
Tamala,password123,Huánuco,38,1,0,0,1,0,0,0,1,0,1
Ethan,password123,Huánuco,27,1,0,1,1,0,0,1,0,1,0
Jayden,password123,Áncash,18,1,1,1,1,0,1,1,0,0,0
Seren,password123,Cuzco,22,0,1,0,1,0,0,1,0,1,0
Teddy,password123,Apurímac,40,1,1,1,0,1,1,1,0,1,0
Junaid,password123,Moquegua,21,1,0,0,0,1,1,0,1,1,1
Danish Saifullah,password123,Huancavelica,34,1,1,1,0,0,1,1,1,0,0
Ahmed Shahzad,password123,Moquegua,33,1,0,0,0,0,1,0,1,0,0
Hamdaan,password123,Callao,24,1,1,0,0,0,1,0,1,1,0
Francessca,password123,Cajamarca,36,1,1,0,0,1,1,1,0,0,0
Leona,password123,La Libertad,37,0,0,1,0,1,1,0,0,1,1
Izaan,password123,Huánuco,32,0,1,0,0,1,1,1,1,0,1
Arbab,password123,Huánuco,37,0,1,1,0,0,1,1,0,0,1
Tasawar,password123,La Libertad,25,1,0,1,1,0,1,0,1,1,0
Finley,password123,La Libertad,34,1,0,1,1,1,0,1,1,1,0
Spencer,password123,Apurímac,40,0,1,1,0,0,1,0,0,1,0
Alliya,password123,Ica,32,1,0,0,0,0,1,0,1,0,1
Faye,password123,Moquegua,35,0,0,1,0,0,1,1,0,0,0
Zafar,password123,Cuzco,26,1,1,0,0,1,0,1,1,1,0
Rebbeca,password123,Pasco,35,0,0,0,1,0,1,1,0,1,1
Tanveer,password123,Pasco,24,0,1,0,0,0,0,1,1,1,1
Martha,password123,Lambayeque,27,0,1,1,0,0,0,0,1,0,0
Lily,password123,Tumbes,40,0,0,1,1,0,1,0,1,0,1
Leika,password123,La Libertad,38,0,1,1,1,0,1,0,0,1,1
Zubaila,password123,Lima,19,1,1,0,1,1,1,0,0,0,1
Urwah,password123,Amazonas,38,1,1,0,0,1,1,0,1,0,0
Achmad Hasan,password123,La Libertad,38,0,0,0,0,0,1,1,1,1,1
Aslam,password123,Pasco,31,1,1,1,1,0,0,0,1,1,1
Alexia,password123,Cajamarca,38,1,0,1,0,1,1,0,1,0,0
Agus Ahmad,password123,Ucayali,31,0,1,1,0,0,0,0,0,1,1
Stefen,password123,Lambayeque,26,0,0,0,0,1,0,1,1,0,0
Nuala,password123,Tumbes,35,0,1,0,0,1,0,1,0,1,0
Mehtab Shafiq,password123,Arequipa,24,1,0,0,0,1,0,1,0,1,0
Shakaib Butt,password123,Cajamarca,22,1,0,0,1,1,1,1,0,1,1
Cole,password123,La Libertad,31,0,0,1,0,1,0,0,0,0,0
Bakhtawar,password123,Ica,24,1,0,0,0,0,0,0,0,1,1
Abdul Salam Khan,password123,Amazonas,23,1,0,1,1,1,0,1,1,0,1
Theodore,password123,Tumbes,31,1,0,1,1,0,0,1,1,1,0
Ernie,password123,Amazonas,31,1,1,0,0,0,1,1,1,1,1
Saif,password123,Moquegua,33,0,1,0,1,0,0,0,1,1,0
Blake,password123,Huánuco,21,0,1,0,0,1,1,0,0,0,1
Asifa,password123,Áncash,36,0,0,1,1,0,1,0,1,0,0
Abdul Rauf,password123,La Libertad,19,1,0,1,1,0,1,0,0,1,0
Emilio,password123,Lima,29,0,0,0,0,0,1,1,1,1,0
Malik Farooq,password123,Puno,23,1,1,0,1,1,0,1,0,0,0
Ashiq Balooch,password123,Arequipa,32,1,1,0,0,1,0,1,1,0,1
Akash Parkash,password123,Lambayeque,33,1,0,0,1,1,1,0,0,1,0
Anaya,password123,Arequipa,26,0,1,1,0,1,1,0,0,1,1
Shan Rao,password123,Callao,23,0,1,0,0,1,0,1,0,0,1
Isaac,password123,Pasco,29,0,0,1,1,1,1,1,1,0,1
Michiko,password123,Tumbes,38,1,0,1,1,1,0,0,1,1,1
Fajar,password123,Piura,21,0,0,0,0,0,1,0,0,0,0
Sleem Savi,password123,Tumbes,34,0,0,1,1,0,1,0,1,1,1
Gohar Ahmed Zai,password123,Lambayeque,19,0,0,0,1,0,0,1,1,1,1
Laurance,password123,Apurímac,31,1,0,0,1,0,0,0,0,1,1
Ashwariya,password123,Huancavelica,21,1,0,1,1,1,0,0,1,0,0
Umtiti,password123,Ica,28,1,0,1,0,1,1,0,0,0,1
Yasir Mehmood,password123,Madre de Dios,33,0,1,1,0,1,1,0,0,1,0
Heri Golun,password123,Moquegua,39,0,0,0,0,1,0,0,0,0,0
Usman bin Sef,password123,Apurímac,24,0,0,1,1,0,1,0,1,0,1
Andrew,password123,Amazonas,27,0,0,1,1,1,0,0,0,1,0
Ahsan,password123,Arequipa,31,0,1,1,1,0,0,0,0,0,1
Sardar Aquib,password123,Tumbes,22,1,1,1,0,0,1,1,1,0,0
David,password123,Cajamarca,38,0,0,1,0,1,1,1,0,0,1
Antony,password123,Amazonas,35,1,0,0,1,0,1,0,0,0,0
Muzammil,password123,Apurímac,27,1,1,1,0,0,0,0,1,0,1
Keirra,password123,Cuzco,34,1,0,0,0,1,0,1,0,1,1
Ayesha,password123,Áncash,24,0,1,1,0,1,1,1,0,1,0
Jabar,password123,San Martín,25,0,1,0,0,0,1,1,1,0,1
Hasnain,password123,San Martín,33,1,1,1,1,1,0,0,0,1,0
Tahir Qadri,password123,La Libertad,23,0,1,1,1,0,1,1,0,1,0
Jude,password123,Tacna,38,0,1,0,1,0,1,1,1,0,0
Courtney,password123,Ica,35,1,0,0,0,1,1,0,1,0,1
Lara,password123,San Martín,22,0,1,0,0,0,1,0,0,0,0
Hambali,password123,Tumbes,33,0,0,1,0,1,1,1,1,0,1
Henry,password123,Loreto,35,0,1,1,1,0,0,1,1,0,0
Maddison,password123,Huánuco,29,0,0,0,1,1,0,0,1,0,0
Corey,password123,Lambayeque,39,0,1,1,0,1,1,0,0,1,1
Huma,password123,Ayacucho,26,0,1,1,0,1,1,1,0,0,0
Sajid Khan,password123,Pasco,31,1,0,1,1,1,1,1,0,0,1
Cai,password123,Puno,35,1,0,1,1,0,0,1,0,0,0
Quratulain,password123,Apurímac,28,0,0,1,0,1,0,0,1,1,0
Mollie,password123,Ayacucho,18,1,1,1,0,1,0,0,0,1,1
Declan,password123,Madre de Dios,33,1,0,1,0,0,1,1,1,1,1
Frieda,password123,Madre de Dios,30,0,1,1,1,1,0,1,0,0,1
Adeela,password123,Ayacucho,19,0,1,0,1,1,0,1,0,1,1
Millie,password123,Lima,29,1,1,1,1,0,0,1,1,1,0
Ada,password123,Tacna,40,1,1,0,0,0,1,0,1,1,0
Ratchel,password123,Loreto,23,1,0,0,1,0,0,0,1,1,1
Shamsha Zain,password123,Moquegua,32,1,1,1,1,0,1,1,1,0,0
Johanssan,password123,Huancavelica,18,0,1,0,0,0,0,0,0,0,0
Helena,password123,Amazonas,23,1,1,0,0,0,0,1,0,1,0
Awais,password123,San Martín,27,0,1,1,1,0,0,0,1,1,0
Jhangir Masood,password123,Lambayeque,37,1,0,1,0,0,1,1,0,1,1
Syed Muhammad Shah,password123,Lambayeque,28,1,1,0,0,0,0,0,1,1,0
Elizabeth,password123,Ucayali,25,1,0,0,1,1,0,0,1,0,1
Aimee,password123,Apurímac,19,1,1,1,1,1,0,0,1,0,1
Aakash,password123,Tacna,29,1,0,1,0,1,0,1,0,0,1
Walayat Hussain Baloch,password123,Ucayali,33,0,0,0,1,0,0,0,0,0,1
Rafferty,password123,Lima,19,0,1,1,1,1,1,1,0,1,0
Asmar Latin Sani,password123,Lambayeque,18,1,1,1,0,1,0,1,0,0,0
Daniel,password123,San Martín,37,0,1,0,1,0,1,1,0,1,0
Jake,password123,Pasco,30,0,0,1,0,0,1,1,1,1,0
Hibah,password123,Ucayali,30,1,0,1,0,0,1,1,1,1,1
Talha Arshad,password123,Moquegua,33,0,1,1,0,1,0,1,0,0,0
Julia,password123,Cajamarca,19,0,1,1,0,1,1,1,0,1,1
Rohail,password123,Apurímac,26,0,0,0,0,0,0,0,1,1,1
Omair Hassan,password123,Huánuco,28,0,1,0,1,1,0,0,0,0,0
Ajengan Masduki,password123,Moquegua,24,1,0,1,0,1,1,0,0,1,0
Noor,password123,Junín,23,1,1,0,0,0,0,1,0,0,1
Zahid,password123,Callao,31,0,1,1,0,0,1,1,0,0,1
Zachary,password123,Cajamarca,26,1,0,1,0,0,0,1,1,0,1
Shayan Ali,password123,Áncash,21,1,0,0,1,1,1,1,0,1,0
Shemeka,password123,Cajamarca,40,0,1,0,1,1,1,0,0,0,1
Ashton,password123,Cuzco,36,1,1,1,0,0,0,0,0,1,0
Aiden,password123,Huánuco,31,1,1,1,0,1,1,1,0,1,1
Trump,password123,Junín,31,1,1,0,1,1,1,1,0,1,1
Priya,password123,Tumbes,19,0,1,0,0,0,0,0,0,0,0
Usman Ahmed,password123,Callao,23,1,1,0,0,1,0,0,1,0,0
Ijaz Ahmed,password123,Junín,22,1,0,1,0,1,1,0,0,1,1
Tristan,password123,Lima,38,1,1,0,1,1,0,0,0,1,1
Indiana Jones,password123,Ucayali,23,1,0,1,0,0,1,1,1,1,1
Muzayin Abdul Wahab,password123,Cuzco,25,0,0,0,0,1,0,0,1,1,1
Kawish,password123,Áncash,23,0,0,1,1,0,1,1,0,1,1
Ladla Gee,password123,Cuzco,36,1,0,1,1,1,1,0,1,0,0
Khubain Ahsan,password123,Ayacucho,35,1,1,0,0,1,1,0,0,0,0
Leah,password123,Callao,23,0,1,0,1,0,1,1,1,1,0
Rawail,password123,Tacna,21,1,1,1,0,0,0,1,1,0,0
Maise,password123,Apurímac,24,1,0,1,1,0,1,1,1,0,0
Erik,password123,Callao,34,0,0,0,0,0,0,1,0,0,0
Lyla,password123,Áncash,40,1,0,1,1,0,0,0,1,1,0
Quinn,password123,Piura,28,0,1,0,1,1,1,1,0,0,1
Teistan,password123,Lima,22,0,0,0,0,1,1,0,0,0,1
Arisha,password123,Callao,37,0,1,0,1,1,1,0,1,0,0
Zubair Sial,password123,Tacna,23,1,1,0,1,1,1,0,0,0,0
Mohsin,password123,Tumbes,30,0,1,1,1,0,0,1,1,1,0
Qudsia,password123,Lambayeque,37,1,0,1,1,1,0,0,0,0,0
Uzair,password123,Lambayeque,39,0,1,0,0,1,0,0,0,1,1
Eihanna,password123,Puno,40,0,0,0,0,0,1,0,0,0,1
Khawaja TK Khan,password123,Callao,28,0,1,1,1,0,0,0,0,1,0
Haris,password123,Moquegua,21,1,0,1,0,0,1,0,0,1,0
Reema,password123,San Martín,34,1,1,0,0,0,0,0,1,0,1
Muhammad Rasheed,password123,Áncash,31,1,1,1,0,1,0,1,1,1,1
Imam Bukhori,password123,Callao,36,1,1,0,0,0,0,0,1,1,0
Betsy,password123,Amazonas,25,1,1,0,1,1,1,0,1,1,0
Shahnawaz,password123,Cuzco,34,0,0,0,0,1,1,1,1,1,0
Anees,password123,Huancavelica,26,0,1,0,0,1,1,0,0,0,1
Ayyan,password123,Lima,22,0,0,1,0,1,0,1,0,1,0
Apuy,password123,Cuzco,32,1,0,1,1,0,1,0,0,0,0
Abbie,password123,La Libertad,36,0,1,1,1,0,1,1,1,1,1
Isco,password123,Pasco,33,1,1,0,1,1,0,0,0,1,0
Augustina,password123,Puno,36,1,1,1,1,0,1,0,0,1,1
Haseeb Ali,password123,San Martín,37,1,0,1,1,0,1,0,1,0,1
Asep Jaja,password123,Áncash,37,1,1,1,0,0,0,1,0,0,0
Caleb,password123,Amazonas,26,0,0,1,0,0,0,1,1,1,1
Caelan,password123,Piura,24,0,1,0,0,0,0,0,0,0,1
Carlos,password123,Amazonas,31,1,1,0,0,0,1,1,1,0,1
Neha Ch,password123,Apurímac,22,0,1,0,1,0,0,1,0,0,0
Jonah,password123,La Libertad,40,0,0,1,0,1,0,0,0,0,0
Illa,password123,Arequipa,29,1,1,0,1,1,1,1,0,1,1
Shujahat,password123,San Martín,23,1,0,1,0,0,0,0,0,1,1
Chirag Latif,password123,Cuzco,36,0,0,1,1,1,0,1,0,1,0
Saqib Butt,password123,Pasco,22,1,0,0,0,1,0,0,0,0,1
Azhari Husin,password123,San Martín,24,0,0,1,0,0,0,1,0,0,0
Lacie,password123,Cuzco,36,0,0,0,0,0,1,1,0,1,1
Rehman,password123,Tacna,35,1,0,0,0,1,0,1,0,0,0
Abid,password123,La Libertad,25,0,0,0,1,0,1,1,1,0,1
Hamza Mehar,password123,Arequipa,35,0,1,0,0,0,1,1,1,1,1
Mukhtar Ahmed,password123,Apurímac,36,1,0,1,0,1,1,1,0,1,1
Nabeel Ahmed,password123,Lima,33,1,1,0,1,1,0,1,1,1,1
Barashna Yawar,password123,Piura,40,0,1,1,0,1,0,0,1,1,0
Alvaro,password123,Arequipa,35,1,0,1,1,0,1,1,1,1,0
Mansoor Jhangir,password123,Ayacucho,31,1,0,1,1,0,1,1,1,1,0
Aisha,password123,Loreto,25,1,0,1,0,1,1,1,0,0,1
Livia,password123,Cajamarca,35,0,0,1,0,1,1,1,1,0,1
Dana,password123,Áncash,20,1,0,0,1,1,1,1,1,0,1
Malik Belawal,password123,Loreto,30,0,0,0,0,0,1,1,1,1,0
Scarlet,password123,Ayacucho,28,0,1,0,1,0,1,0,1,1,0
Zain,password123,Cuzco,29,0,0,1,0,1,0,1,1,1,0
Abdullah Abid,password123,Lambayeque,34,0,0,0,0,1,1,0,1,0,1
Gul Khan,password123,Moquegua,36,0,0,0,0,1,1,1,1,1,0
Hence Malewa,password123,San Martín,38,0,0,0,0,0,0,1,1,1,0
Abdul Hanan,password123,Apurímac,20,0,1,1,1,1,0,0,1,1,1
Ranjeet Punshi,password123,Lima,36,1,1,0,0,0,0,0,0,1,1
Sarah Batool,password123,Ucayali,19,0,0,0,1,1,1,0,1,0,0
Logan,password123,Pasco,39,1,1,0,1,0,0,1,1,0,1
Mesum Ammar,password123,Lambayeque,19,0,1,1,0,1,0,1,1,0,0
Abdullah Sunata,password123,Tumbes,22,0,0,1,0,1,1,0,0,0,0
Haseeb,password123,Huánuco,32,1,1,0,0,0,0,0,1,1,1
Conor,password123,Áncash,23,0,1,0,1,0,0,1,1,0,1
Levi,password123,Puno,25,1,0,0,0,0,1,0,0,0,0
Zubaida,password123,Tacna,23,0,1,0,1,1,1,1,1,0,1
Hussain,password123,Arequipa,29,0,1,0,0,1,0,0,1,0,0
Muchtar,password123,Huánuco,24,0,1,0,1,1,1,0,0,0,1
Aaron,password123,Cuzco,18,0,0,0,1,1,0,0,1,1,1
Kiran,password123,Amazonas,27,1,1,1,1,1,0,0,0,1,0
Areesha,password123,Huánuco,39,0,0,1,1,1,1,0,1,0,0
Rameesha,password123,Arequipa,23,0,0,0,1,1,0,0,1,0,0
Rose,password123,Puno,37,1,1,0,0,1,0,1,1,1,1
Qudratullah,password123,Huánuco,22,0,1,0,0,0,0,1,1,1,0
Atif Noor,password123,Lima,29,0,1,1,0,0,1,0,1,1,1
Brooke,password123,Piura,32,1,1,0,1,1,0,0,0,0,0
Mathew Perry,password123,Pasco,40,0,0,1,0,1,0,0,0,1,0
Rabi Akbar,password123,Puno,34,0,1,1,0,0,0,1,0,0,1
Elenia,password123,Ucayali,22,1,0,0,1,1,0,0,0,1,1
Muhammad Arslan,password123,Huánuco,39,1,0,1,0,0,1,1,1,0,0
Malik Tayyab,password123,Cajamarca,24,1,1,0,1,1,1,0,1,0,1
Zidane,password123,Moquegua,38,1,0,1,1,1,0,1,1,1,1
Kaiden,password123,Cajamarca,33,1,0,1,1,1,1,1,0,0,0
Hasnat Ahmed Khan,password123,Lambayeque,40,1,0,1,0,0,0,0,0,1,1
Darcey,password123,Callao,38,1,0,0,0,1,1,0,0,1,1
Anthony,password123,Piura,33,0,1,0,1,0,1,0,1,0,0
Adung,password123,Ica,35,0,1,1,0,0,0,0,1,1,0
Harrison,password123,La Libertad,26,0,1,0,1,1,0,0,1,1,0
Khizaer Hayat,password123,Junín,37,1,0,0,1,1,0,0,1,0,0
Hassan Sadiq,password123,Junín,21,1,1,1,1,1,0,0,1,1,1
Caitlin,password123,Puno,36,0,0,1,0,0,1,0,1,0,0
Fizza Malik,password123,Cuzco,28,0,1,0,0,1,1,0,1,1,0
Muhammad Irfan,password123,Lambayeque,29,0,1,0,0,1,1,0,1,1,1
Muhammad Atif,password123,Puno,36,1,1,1,1,0,1,0,0,0,1
Aurangzaib,password123,Ayacucho,34,1,1,1,0,0,1,1,0,0,1
Tehmina,password123,Puno,40,1,1,0,1,0,1,0,1,1,0
Happy Bacha,password123,Callao,35,0,0,0,1,0,1,0,0,0,1
Younus,password123,Callao,26,0,0,1,1,1,1,0,0,0,1
AVA,password123,Áncash,25,1,1,0,0,1,1,1,1,1,0
Alfred,password123,Loreto,40,0,1,0,0,0,0,1,1,0,0
Danish,password123,Moquegua,24,0,0,1,1,1,0,0,0,0,1
Matloob,password123,Ayacucho,24,0,1,1,1,0,1,1,0,1,1
Sameed Shahzad,password123,Ucayali,36,0,0,0,0,0,1,1,0,1,0
Frazer,password123,Arequipa,35,0,1,1,0,0,1,0,1,0,0
Mubashir,password123,Ayacucho,25,1,0,1,1,1,0,1,1,0,0
